pH	t/theta
8.389195442	0.001641667
8.240660667	0.003283333
8.315546036	0.004925
8.310170174	0.006566667
8.331158638	0.008208333
8.309613228	0.00985
8.322025299	0.011491667
8.307414055	0.013133333
8.335368156	0.014775
8.298112869	0.016416667
8.344286919	0.018058333
8.330345154	0.0197
8.33268261	0.021341667
8.195313454	0.022983333
8.277983666	0.024625
8.268074989	0.026266667
8.276639938	0.027908333
8.244316101	0.02955
8.241932869	0.031191667
8.228730202	0.032833333
8.234502792	0.034475
8.228466988	0.036116667
8.250927925	0.037758333
8.213011742	0.0394
8.236103058	0.041041667
8.228076935	0.042683333
8.216356278	0.044325
8.218140602	0.045966667
8.212210655	0.047608333
8.188214302	0.04925
8.163819313	0.050891667
8.180149078	0.052533333
8.17478466	0.054175
8.17328167	0.055816667
8.142075539	0.057458333
8.122158051	0.0591
8.11671257	0.060741667
8.105607033	0.062383333
8.101833344	0.064025
8.111718178	0.065666667
8.084278107	0.067308333
8.090895653	0.06895
8.072986603	0.070591667
8.096067429	0.072233333
8.051008225	0.073875
8.070250511	0.075516667
8.042228699	0.077158333
8.075594902	0.0788
8.036924362	0.080441667
8.077251434	0.082083333
8.038581848	0.083725
8.044151306	0.085366667
8.009677887	0.087008333
8.010478973	0.08865
7.99871254	0.090291667
8.006727219	0.091933333
8.004122734	0.093575
7.991113663	0.095216667
7.981514454	0.096858333
7.957187653	0.0985
7.973778725	0.100141667
7.954990387	0.101783333
7.964730263	0.103425
7.952949524	0.105066667
7.94562912	0.106708333
7.936152935	0.10835
7.952651978	0.109991667
7.932270527	0.111633333
7.948637962	0.113275
7.906770229	0.114916667
7.918167114	0.116558333
7.904887199	0.1182
7.941730499	0.119841667
7.871559143	0.121483333
7.91490078	0.123125
7.877038002	0.124766667
7.849771023	0.126408333
7.740071297	0.12805
7.828464985	0.129691667
7.821979046	0.131333333
7.856611252	0.132975
7.842212677	0.134616667
7.883075237	0.136258333
7.780130386	0.1379
7.821218967	0.139541667
7.80590725	0.141183333
7.817334175	0.142825
7.80491066	0.144466667
7.823925495	0.146108333
7.800969601	0.14775
7.813952923	0.149391667
7.773032665	0.151033333
7.77955246	0.152675
7.801482678	0.154316667
7.816899777	0.155958333
7.914111614	0.1576
7.829898357	0.159241667
7.814583302	0.160883333
7.77071476	0.162525
7.805128098	0.164166667
7.785173893	0.165808333
7.7834301	0.16745
7.754059792	0.169091667
7.775945187	0.170733333
7.751980305	0.172375
7.76074791	0.174016667
7.560444832	0.175658333
7.604255676	0.1773
7.722590447	0.178941667
7.750905514	0.180583333
7.723546982	0.182225
7.732621193	0.183866667
7.80197525	0.185508333
7.808303833	0.18715
7.75046587	0.188791667
7.702613831	0.190433333
7.506817341	0.192075
7.329014301	0.193716667
7.343202114	0.195358333
7.284499168	0.197
7.299031258	0.198641667
7.343410492	0.200283333
7.260671139	0.201925
7.31601429	0.203566667
7.267876148	0.205208333
7.274172783	0.20685
7.266452313	0.208491667
7.237044334	0.210133333
7.197793007	0.211775
7.2012496	0.213416667
7.202384949	0.215058333
7.238497257	0.2167
7.221243382	0.218341667
7.267786503	0.219983333
7.125001907	0.221625
7.112635613	0.223266667
7.233276844	0.224908333
7.243623257	0.22655
7.309350491	0.228191667
7.22815752	0.229833333
7.214794159	0.231475
7.235868454	0.233116667
7.237494469	0.234758333
7.210752964	0.2364
7.227738857	0.238041667
7.195536137	0.239683333
7.239512444	0.241325
7.189194679	0.242966667
7.198728561	0.244608333
7.20231247	0.24625
7.198746204	0.247891667
7.159413815	0.249533333
7.283009052	0.251175
7.170395374	0.252816667
7.179449081	0.254458333
7.185224533	0.2561
7.208368778	0.257741667
7.189933777	0.259383333
7.172174931	0.261025
7.175726414	0.262666667
7.174310207	0.264308333
7.194374085	0.26595
7.115866184	0.267591667
7.173316479	0.269233333
7.112986088	0.270875
7.120475769	0.272516667
7.11897707	0.274158333
7.14909792	0.2758
7.135760307	0.277441667
7.151890278	0.279083333
7.102453232	0.280725
7.077337265	0.282366667
7.095876217	0.284008333
7.141970158	0.28565
7.06050539	0.287291667
7.11003685	0.288933333
7.065380573	0.290575
7.06806469	0.292216667
6.997318268	0.293858333
7.062882423	0.2955
7.295917034	0.297141667
7.173271656	0.298783333
7.042559624	0.300425
7.079825878	0.302066667
7.068085671	0.303708333
7.059444428	0.30535
7.017157078	0.306991667
7.054751396	0.308633333
7.094142914	0.310275
7.119373798	0.311916667
7.042764187	0.313558333
7.046900749	0.3152
7.073978424	0.316841667
7.031092644	0.318483333
7.015129089	0.320125
7.076079369	0.321766667
7.048577786	0.323408333
7.022587776	0.32505
7.040703297	0.326691667
7.014381886	0.328333333
7.091127873	0.329975
7.019237995	0.331616667
7.044117928	0.333258333
7.009296417	0.3349
7.040280819	0.336541667
7.009171009	0.338183333
7.042686462	0.339825
6.999648094	0.341466667
7.018307686	0.343108333
6.979123116	0.34475
7.01368475	0.346391667
6.98756361	0.348033333
6.997054577	0.349675
6.969780445	0.351316667
7.003242493	0.352958333
6.985898972	0.3546
6.986988545	0.356241667
6.94626379	0.357883333
6.955399036	0.359525
6.976440907	0.361166667
6.986540318	0.362808333
6.953274727	0.36445
6.961049557	0.366091667
6.976362705	0.367733333
6.955808163	0.369375
6.946266651	0.371016667
6.952035427	0.372658333
6.958828449	0.3743
6.951829433	0.375941667
6.959212303	0.377583333
6.942295075	0.379225
6.94839859	0.380866667
6.929872036	0.382508333
6.941144943	0.38415
6.918828487	0.385791667
6.94119072	0.387433333
6.911085606	0.389075
6.928103447	0.390716667
6.898050785	0.392358333
6.945467472	0.394
6.928255081	0.395641667
6.957476616	0.397283333
6.923802376	0.398925
6.942791462	0.400566667
6.910843372	0.402208333
6.926127911	0.40385
6.911211491	0.405491667
6.941391468	0.407133333
6.924602509	0.408775
6.937996388	0.410416667
6.926387787	0.412058333
6.922350407	0.4137
6.909202576	0.415341667
6.921845913	0.416983333
6.919323444	0.418625
6.906894684	0.420266667
6.904588223	0.421908333
6.888947487	0.42355
6.906309605	0.425191667
6.899384499	0.426833333
6.900272846	0.428475
6.895496368	0.430116667
6.906358719	0.431758333
6.874470711	0.4334
6.902854443	0.435041667
6.889988899	0.436683333
6.883255005	0.438325
6.881634712	0.439966667
6.845264912	0.441608333
6.816756249	0.44325
6.811885834	0.444891667
6.882221222	0.446533333
6.830343247	0.448175
6.85853672	0.449816667
6.850037098	0.451458333
6.856348991	0.4531
6.838188171	0.454741667
6.839931488	0.456383333
6.826714993	0.458025
6.844921589	0.459666667
6.845908642	0.461308333
6.851962566	0.46295
6.829086304	0.464591667
6.84205389	0.466233333
6.819177151	0.467875
6.840485573	0.469516667
6.8445611	0.471158333
6.821879387	0.4728
6.833950996	0.474441667
6.830895424	0.476083333
6.830768585	0.477725
6.805886269	0.479366667
6.773017883	0.481008333
6.783727646	0.48265
6.798514366	0.484291667
6.778219223	0.485933333
6.727702141	0.487575
6.725058556	0.489216667
6.801147938	0.490858333
6.799432755	0.4925
6.770899773	0.494141667
6.789476872	0.495783333
6.775474072	0.497425
6.734766007	0.499066667
6.763258934	0.500708333
6.749289513	0.50235
6.77308321	0.503991667
6.740728378	0.505633333
6.748351097	0.507275
6.742552757	0.508916667
6.750985146	0.510558333
6.736722946	0.5122
6.75363636	0.513841667
6.738170147	0.515483333
6.748774529	0.517125
6.733590603	0.518766667
6.734303951	0.520408333
6.723557949	0.52205
6.745353222	0.523691667
6.742376804	0.525333333
6.746490955	0.526975
6.743416309	0.528616667
6.740837574	0.530258333
6.756185532	0.5319
6.733012199	0.533541667
6.733676434	0.535183333
6.702581883	0.536825
6.721118927	0.538466667
6.689063072	0.540108333
6.71133709	0.54175
6.697795391	0.543391667
6.73784399	0.545033333
6.72294569	0.546675
6.754861832	0.548316667
6.705046654	0.549958333
6.74618578	0.5516
6.692296028	0.553241667
6.718248367	0.554883333
6.688052654	0.556525
6.728966236	0.558166667
6.72068882	0.559808333
6.65525198	0.56145
6.569592953	0.563091667
6.58913374	0.564733333
6.571335793	0.566375
6.578147888	0.568016667
6.542176247	0.569658333
6.556250095	0.5713
6.539615631	0.572941667
6.564257622	0.574583333
6.564251423	0.576225
6.561591148	0.577866667
6.542404652	0.579508333
6.544084549	0.58115
6.544275761	0.582791667
6.55343008	0.584433333
6.553394318	0.586075
6.557517052	0.587716667
6.548755169	0.589358333
6.54335022	0.591
6.537003994	0.592641667
6.546367168	0.594283333
6.536268711	0.595925
6.534626007	0.597566667
6.531993866	0.599208333
6.541820049	0.60085
6.528539181	0.602491667
6.520839691	0.604133333
6.526618481	0.605775
6.51594162	0.607416667
6.513219833	0.609058333
6.504614353	0.6107
6.513454437	0.612341667
6.499226093	0.613983333
6.507653236	0.615625
6.498907089	0.617266667
6.551684856	0.618908333
6.590763569	0.62055
6.628763676	0.622191667
6.646757126	0.623833333
6.650466919	0.625475
6.634452343	0.627116667
6.647405148	0.628758333
6.647096157	0.6304
6.630148888	0.632041667
6.631205559	0.633683333
6.612373352	0.635325
6.615028858	0.636966667
6.589777947	0.638608333
6.62679863	0.64025
6.589260578	0.641891667
6.620385647	0.643533333
6.593734741	0.645175
6.619125843	0.646816667
6.594818592	0.648458333
6.616820335	0.6501
6.628457546	0.651741667
6.605901718	0.653383333
6.593366146	0.655025
6.627503395	0.656666667
6.571516514	0.658308333
6.633285046	0.65995
6.59061861	0.661591667
6.616046429	0.663233333
6.562545776	0.664875
6.592452049	0.666516667
6.581487179	0.668158333
6.591383934	0.6698
6.567548275	0.671441667
6.589044094	0.673083333
6.569867134	0.674725
6.566210747	0.676366667
6.551109791	0.678008333
6.546731472	0.67965
6.532651424	0.681291667
6.565220833	0.682933333
6.585437775	0.684575
6.585110188	0.686216667
6.568887234	0.687858333
6.566499233	0.6895
6.547225952	0.691141667
6.57531786	0.692783333
6.538200378	0.694425
6.550107956	0.696066667
6.513759136	0.697708333
6.552667618	0.69935
6.549295902	0.700991667
6.55154562	0.702633333
6.4808321	0.704275
6.53212738	0.705916667
6.503063202	0.707558333
6.514547825	0.7092
6.499475479	0.710841667
6.537482262	0.712483333
6.535888672	0.714125
6.567387104	0.715766667
6.515147686	0.717408333
6.517700672	0.71905
6.500481606	0.720691667
6.530212402	0.722333333
6.493113518	0.723975
6.498169422	0.725616667
6.462750435	0.727258333
6.511208057	0.7289
6.507020474	0.730541667
6.488799572	0.732183333
6.482587814	0.733825
6.487287521	0.735466667
6.492976666	0.737108333
6.480618	0.73875
6.4709692	0.740391667
6.477239132	0.742033333
6.506081104	0.743675
6.473105431	0.745316667
6.490814209	0.746958333
6.46220398	0.7486
6.474683762	0.750241667
6.460085869	0.751883333
6.49667263	0.753525
6.437840462	0.755166667
6.450090885	0.756808333
6.431916714	0.75845
6.498222351	0.760091667
6.454189777	0.761733333
6.482774735	0.763375
6.441642761	0.765016667
6.458689213	0.766658333
6.427448273	0.7683
6.454055309	0.769941667
6.423082829	0.771583333
6.468496323	0.773225
6.439751625	0.774866667
6.469407558	0.776508333
6.441610336	0.77815
6.433374882	0.779791667
6.405423641	0.781433333
6.415627003	0.783075
6.418533325	0.784716667
6.429124832	0.786358333
6.435050964	0.788
6.402900219	0.789641667
6.407145977	0.791283333
6.394329548	0.792925
6.403704643	0.794566667
6.376961708	0.796208333
6.389147282	0.79785
6.394854546	0.799491667
6.412029743	0.801133333
6.380277157	0.802775
6.397025585	0.804416667
6.386301518	0.806058333
6.417008877	0.8077
6.356964588	0.809341667
6.386056423	0.810983333
6.36862278	0.812625
6.39629364	0.814266667
6.357872486	0.815908333
6.369921207	0.81755
6.362874508	0.819191667
6.382675648	0.820833333
6.350905418	0.822475
6.392214775	0.824116667
6.366720676	0.825758333
6.387504578	0.8274
6.347105503	0.829041667
6.354065895	0.830683333
6.342289925	0.832325
6.338821888	0.833966667
6.329036713	0.835608333
6.341266632	0.83725
6.334280491	0.838891667
6.335587025	0.840533333
6.31565094	0.842175
6.335220337	0.843816667
6.340491772	0.845458333
6.309581757	0.8471
6.322855473	0.848741667
6.346876144	0.850383333
6.356656551	0.852025
6.323658466	0.853666667
6.315576077	0.855308333
6.296896935	0.85695
6.341668606	0.858591667
6.2987957	0.860233333
6.319526672	0.861875
6.289355755	0.863516667
6.334491253	0.865158333
6.307450771	0.8668
6.319288731	0.868441667
6.298810005	0.870083333
6.309385777	0.871725
6.269486904	0.873366667
6.296175957	0.875008333
6.266476154	0.87665
6.302223206	0.878291667
6.272428989	0.879933333
6.291033268	0.881575
6.25592947	0.883216667
6.305051327	0.884858333
6.265477657	0.8865
6.268427372	0.888141667
6.259426117	0.889783333
6.27529335	0.891425
6.249134541	0.893066667
6.258775711	0.894708333
6.249875069	0.89635
6.267516613	0.897991667
6.219460487	0.899633333
6.224335194	0.901275
6.238013268	0.902916667
6.257092476	0.904558333
6.271976471	0.9062
6.243438721	0.907841667
6.281495094	0.909483333
6.210279465	0.911125
6.2291646	0.912766667
6.203039169	0.914408333
6.231230736	0.91605
6.204868794	0.917691667
6.254971981	0.919333333
6.194694042	0.920975
6.22988224	0.922616667
6.198000431	0.924258333
6.234036923	0.9259
6.195769787	0.927541667
6.296170712	0.929183333
6.221842289	0.930825
6.259360313	0.932466667
6.189147472	0.934108333
6.192547798	0.93575
6.195627213	0.937391667
6.234654903	0.939033333
6.196314812	0.940675
6.201841354	0.942316667
6.177165031	0.943958333
6.199883461	0.9456
6.201332092	0.947241667
6.214696884	0.948883333
6.216005325	0.950525
6.213974953	0.952166667
6.200535774	0.953808333
6.197862625	0.95545
6.189483643	0.957091667
6.202064991	0.958733333
6.209653378	0.960375
6.170223236	0.962016667
6.179589272	0.963658333
6.133975506	0.9653
6.153104305	0.966941667
6.099461556	0.968583333
6.070828438	0.970225
6.137773991	0.971866667
6.068362236	0.973508333
6.082090855	0.97515
6.06212759	0.976791667
6.054914951	0.978433333
6.115925789	0.980075
6.10414362	0.981716667
6.06537199	0.983358333
6.03734827	0.985
6.082353115	0.986641667
6.069514751	0.988283333
6.066868782	0.989925
6.055872917	0.991566667
6.120880127	0.993208333
6.051755905	0.99485
6.088271141	0.996491667
6.060114861	0.998133333
6.088318825	0.999775
6.069420338	1.001416667
6.065429211	1.003058333
6.077101708	1.0047
6.071002007	1.006341667
6.072741509	1.007983333
6.087257385	1.009625
6.082282543	1.011266667
6.039783955	1.012908333
6.078014851	1.01455
6.040546894	1.016191667
6.064869881	1.017833333
6.067614079	1.019475
6.089394569	1.021116667
6.055330753	1.022758333
6.078337669	1.0244
6.024865627	1.026041667
6.068074703	1.027683333
6.05961895	1.029325
6.066720963	1.030966667
6.031635284	1.032608333
6.050562859	1.03425
6.024454117	1.035891667
6.045920849	1.037533333
6.025520802	1.039175
6.060054302	1.040816667
6.007169724	1.042458333
6.037572861	1.0441
6.017166138	1.045741667
6.05923605	1.047383333
6.016150951	1.049025
5.980256081	1.050666667
5.996153832	1.052308333
6.019203663	1.05395
6.004114628	1.055591667
6.006355286	1.057233333
6.014214993	1.058875
5.995393276	1.060516667
5.999238491	1.062158333
6.004479885	1.0638
5.999583721	1.065441667
5.976094246	1.067083333
5.993359566	1.068725
5.964643002	1.070366667
5.972854137	1.072008333
5.993955612	1.07365
6.00403595	1.075291667
5.961335182	1.076933333
5.994885445	1.078575
5.938454628	1.080216667
5.975364685	1.081858333
5.931107521	1.0835
5.948780537	1.085141667
5.920961857	1.086783333
5.981058121	1.088425
5.924920082	1.090066667
5.968087196	1.091708333
5.911978245	1.09335
5.910274506	1.094991667
5.895692349	1.096633333
5.934595585	1.098275
5.926151753	1.099916667
5.952775478	1.101558333
5.898967743	1.1032
5.9357481	1.104841667
5.883150101	1.106483333
5.920046806	1.108125
5.894770145	1.109766667
5.942651749	1.111408333
5.922907352	1.11305
5.924682617	1.114691667
5.911565304	1.116333333
5.920680523	1.117975
5.904290199	1.119616667
5.891227245	1.121258333
5.883127213	1.1229
5.884767532	1.124541667
5.90531683	1.126183333
5.877655983	1.127825
5.860855103	1.129466667
5.84397316	1.131108333
5.865831375	1.13275
5.797084808	1.134391667
5.805016995	1.136033333
5.813432217	1.137675
5.860340118	1.139316667
5.828506947	1.140958333
5.863317967	1.1426
5.827325821	1.144241667
5.857919216	1.145883333
5.792036057	1.147525
5.827665329	1.149166667
5.790055752	1.150808333
5.851820469	1.15245
5.803617477	1.154091667
5.817533016	1.155733333
5.797971726	1.157375
5.832269192	1.159016667
5.774472714	1.160658333
5.82895565	1.1623
5.799921989	1.163941667
5.81637001	1.165583333
5.807507992	1.167225
5.805263996	1.168866667
5.805728912	1.170508333
5.776065826	1.17215
5.786157608	1.173791667
5.765223503	1.175433333
5.755106926	1.177075
5.764275074	1.178716667
5.768619537	1.180358333
5.736858368	1.182
5.778460026	1.183641667
5.69707489	1.185283333
5.723373413	1.186925
5.712114811	1.188566667
5.705805302	1.190208333
5.694773674	1.19185
5.730834484	1.193491667
5.699531555	1.195133333
5.748672009	1.196775
5.678925514	1.198416667
5.706574917	1.200058333
5.645113945	1.2017
5.717699528	1.203341667
5.659745693	1.204983333
5.703891754	1.206625
5.673360348	1.208266667
5.706832886	1.209908333
5.664334774	1.21155
5.693068504	1.213191667
5.653008938	1.214833333
5.684906483	1.216475
5.680402279	1.218116667
5.641908169	1.219758333
5.626154423	1.2214
5.624538422	1.223041667
5.63065052	1.224683333
5.588147163	1.226325
5.600115776	1.227966667
5.59359026	1.229608333
5.619874477	1.23125
5.617766857	1.232891667
5.631431103	1.234533333
5.586844444	1.236175
5.594051838	1.237816667
5.571311951	1.239458333
5.574091911	1.2411
5.549854279	1.242741667
5.576292992	1.244383333
5.553566933	1.246025
5.578168869	1.247666667
5.534364224	1.249308333
5.417724133	1.25095
5.373005867	1.252591667
5.454815388	1.254233333
5.478654862	1.255875
5.534590244	1.257516667
5.464791775	1.259158333
5.496452332	1.2608
5.447968006	1.262441667
5.501894474	1.264083333
5.416567326	1.265725
5.440793991	1.267366667
5.449302673	1.269008333
5.497399807	1.27065
5.46003294	1.272291667
5.438563824	1.273933333
5.429028988	1.275575
5.429884434	1.277216667
5.439751625	1.278858333
5.407978058	1.2805
5.378123283	1.282141667
5.399050713	1.283783333
5.392334461	1.285425
5.361785412	1.287066667
5.336181641	1.288708333
5.322350025	1.29035
5.358226299	1.291991667
5.327510834	1.293633333
5.297496796	1.295275
5.29822588	1.296916667
5.327830315	1.298558333
5.314979076	1.3002
5.295338631	1.301841667
5.26030159	1.303483333
5.286998272	1.305125
5.261536121	1.306766667
5.274025917	1.308408333
5.194391727	1.31005
5.220487118	1.311691667
5.212973118	1.313333333
5.269839764	1.314975
5.171295643	1.316616667
5.167488575	1.318258333
5.16281414	1.3199
5.225522995	1.321541667
5.171652794	1.323183333
5.161412239	1.324825
5.127555847	1.326466667
5.164018631	1.328108333
5.169137001	1.32975
5.149568081	1.331391667
5.065876484	1.333033333
5.077891827	1.334675
5.052529335	1.336316667
5.044390202	1.337958333
5.007874489	1.3396
5.019258976	1.341241667
5.043988705	1.342883333
5.017168045	1.344525
5.003650188	1.346166667
4.943118572	1.347808333
4.979485035	1.34945
4.949511528	1.351091667
4.938593864	1.352733333
4.884801865	1.354375
4.894329071	1.356016667
4.878285885	1.357658333
4.906056881	1.3593
4.776025772	1.360941667
4.834210396	1.362583333
4.798776627	1.364225
4.856457233	1.365866667
4.750174046	1.367508333
4.76722002	1.36915
4.736114502	1.370791667
4.795232296	1.372433333
4.686337948	1.374075
4.732984543	1.375716667
4.688128948	1.377358333
4.712957859	1.379
4.649445057	1.380641667
4.644209385	1.382283333
4.618820667	1.383925
4.644863129	1.385566667
4.61694622	1.387208333
4.609828949	1.38885
4.662521362	1.390491667
4.650300026	1.392133333
4.556267738	1.393775
4.536445141	1.395416667
4.500275135	1.397058333
4.517211914	1.3987
4.517561436	1.400341667
4.473480701	1.401983333
4.466230869	1.403625
4.487539291	1.405266667
4.54481554	1.406908333
4.462896347	1.40855
4.442776203	1.410191667
4.406901836	1.411833333
4.456805229	1.413475
4.422807694	1.415116667
4.422449589	1.416758333
4.369449616	1.4184
4.422412872	1.420041667
4.400786877	1.421683333
4.424103737	1.423325
4.300785065	1.424966667
4.383063793	1.426608333
4.345273495	1.42825
4.378932476	1.429891667
4.31433773	1.431533333
4.374317169	1.433175
4.328154564	1.434816667
4.341276646	1.436458333
4.270530701	1.4381
4.303122997	1.439741667
4.30693388	1.441383333
4.299302101	1.443025
4.261270046	1.444666667
4.259521008	1.446308333
4.282873154	1.44795
4.283547878	1.449591667
4.286739826	1.451233333
4.222450256	1.452875
4.284527302	1.454516667
4.264284611	1.456158333
4.30444479	1.4578
4.228972435	1.459441667
4.221371174	1.461083333
4.195671082	1.462725
4.227663517	1.464366667
4.299447537	1.466008333
4.035982132	1.46765
4.199576378	1.469291667
4.169558525	1.470933333
4.144113064	1.472575
4.147934437	1.474216667
4.110808849	1.475858333
4.158529282	1.4775
4.147647381	1.479141667
4.16436863	1.480783333
4.108363152	1.482425
4.184103966	1.484066667
4.142255306	1.485708333
4.158252239	1.48735
4.10405016	1.488991667
4.146364689	1.490633333
4.112195969	1.492275
4.182567596	1.493916667
4.105090141	1.495558333
4.11649704	1.4972
4.057779312	1.498841667
4.132222652	1.500483333
4.145456314	1.502125
4.098095417	1.503766667
4.176515102	1.505408333
4.109863758	1.50705
4.161819935	1.508691667
4.118432522	1.510333333
4.105753899	1.511975
4.14263916	1.513616667
4.159432411	1.515258333
4.08161211	1.5169
4.054947853	1.518541667
4.100109577	1.520183333
4.211680412	1.521825
4.106062412	1.523466667
4.107291699	1.525108333
4.074851513	1.52675
4.131462574	1.528391667
4.040772438	1.530033333
4.13532114	1.531675
4.04600811	1.533316667
4.113460064	1.534958333
4.020312786	1.5366
4.128401279	1.538241667
4.05580473	1.539883333
4.09105587	1.541525
4.064006329	1.543166667
4.078557491	1.544808333
4.052335262	1.54645
4.080172062	1.548091667
4.05187273	1.549733333
4.132249832	1.551375
4.061901093	1.553016667
4.053123474	1.554658333
4.041497707	1.5563
4.04974699	1.557941667
4.06330204	1.559583333
4.049972534	1.561225
4.050958633	1.562866667
4.060943127	1.564508333
4.088722706	1.56615
4.057015419	1.567791667
4.037930012	1.569433333
4.037445545	1.571075
4.004199505	1.572716667
4.010605812	1.574358333
4.052889824	1.576
4.020726681	1.577641667
4.078032494	1.579283333
3.972424984	1.580925
4.026052952	1.582566667
4.0213871	1.584208333
4.054116249	1.58585
3.96859169	1.587491667
4.004670143	1.589133333
3.994250536	1.590775
4.019857884	1.592416667
3.979268789	1.594058333
4.003057957	1.5957
3.977439404	1.597341667
3.988484383	1.598983333
3.955919743	1.600625
4.006989002	1.602266667
3.984295607	1.603908333
4.006552696	1.60555
3.970705986	1.607191667
4.014347076	1.608833333
3.994060755	1.610475
4.010456085	1.612116667
3.990058422	1.613758333
3.919177294	1.6154
3.987024069	1.617041667
3.979996443	1.618683333
3.961097479	1.620325
3.953382731	1.621966667
3.995323181	1.623608333
3.957725763	1.62525
3.99216342	1.626891667
3.939899683	1.628533333
3.998663425	1.630175
3.941237927	1.631816667
3.974506855	1.633458333
3.954485416	1.6351
3.95128727	1.636741667
3.920055866	1.638383333
3.949701548	1.640025
3.932453871	1.641666667
3.952091217	1.643308333
3.889476538	1.64495
3.934945822	1.646591667
3.940519571	1.648233333
3.955267906	1.649875
3.876323462	1.651516667
3.97072649	1.653158333
3.923605442	1.6548
3.942361355	1.656441667
3.923244	1.658083333
3.977168798	1.659725
3.933755398	1.661366667
3.929403544	1.663008333
3.938252449	1.66465
3.979543686	1.666291667
3.906152725	1.667933333
3.928095579	1.669575
3.956740379	1.671216667
3.932124376	1.672858333
3.952534914	1.6745
3.903868437	1.676141667
3.9251225	1.677783333
3.948375702	1.679425
3.955127716	1.681066667
3.91315794	1.682708333
3.968639135	1.68435
3.902816773	1.685991667
3.915183067	1.687633333
3.886803865	1.689275
3.952904463	1.690916667
3.907888413	1.692558333
3.92978406	1.6942
3.897458315	1.695841667
3.963922262	1.697483333
3.904073477	1.699125
3.926800013	1.700766667
3.878568888	1.702408333
3.963728905	1.70405
3.862370014	1.705691667
3.920623541	1.707333333
3.855420113	1.708975
3.928370237	1.710616667
3.881817579	1.712258333
3.916548967	1.7139
3.880849361	1.715541667
3.932648897	1.717183333
3.885623932	1.718825
3.901877165	1.720466667
3.906778812	1.722108333
3.930627346	1.72375
3.897082806	1.725391667
3.888453722	1.727033333
3.904341936	1.728675
3.89768219	1.730316667
3.898801327	1.731958333
3.850223064	1.7336
3.903880835	1.735241667
3.866418123	1.736883333
3.894462347	1.738525
3.852634192	1.740166667
3.91826129	1.741808333
3.878494501	1.74345
3.913495064	1.745091667
3.863546372	1.746733333
3.904670954	1.748375
3.867492437	1.750016667
3.921317577	1.751658333
3.83942771	1.7533
3.903307438	1.754941667
3.874686241	1.756583333
3.882122755	1.758225
3.809237003	1.759866667
3.881212235	1.761508333
3.841371775	1.76315
3.906429052	1.764791667
3.845623016	1.766433333
3.880134106	1.768075
3.845527887	1.769716667
3.894157887	1.771358333
3.840484381	1.773
3.871183634	1.774641667
3.85856247	1.776283333
3.878588438	1.777925
3.847397327	1.779566667
3.880034924	1.781208333
3.894056559	1.78285
3.84129715	1.784491667
3.863850594	1.786133333
3.831330299	1.787775
3.875539064	1.789416667
3.83781457	1.791058333
3.84881568	1.7927
3.823442221	1.794341667
3.814687014	1.795983333
3.844232798	1.797625
3.854680538	1.799266667
3.822365999	1.800908333
3.874507904	1.80255
3.839790106	1.804191667
3.872931242	1.805833333
3.814617872	1.807475
3.890125513	1.809116667
3.831885099	1.810758333
3.87878418	1.8124
3.825866222	1.814041667
3.883521318	1.815683333
3.823691845	1.817325
3.874768972	1.818966667
3.803277731	1.820608333
3.874650478	1.82225
3.8205235	1.823891667
3.839002848	1.825533333
3.803376198	1.827175
3.872343302	1.828816667
3.817913771	1.830458333
3.848541021	1.8321
3.827475309	1.833741667
3.840077162	1.835383333
3.837125778	1.837025
3.8265028	1.838666667
3.832037449	1.840308333
3.828736544	1.84195
3.85873723	1.843591667
3.808183193	1.845233333
3.835575819	1.846875
3.79410553	1.848516667
3.828609943	1.850158333
3.786466599	1.8518
3.814653158	1.853441667
3.781620741	1.855083333
3.848101854	1.856725
3.782378674	1.858366667
3.80042243	1.860008333
3.775191784	1.86165
3.85074544	1.863291667
3.804581642	1.864933333
3.839531899	1.866575
3.765013456	1.868216667
3.831436396	1.869858333
3.79005456	1.8715
3.849752188	1.873141667
3.766372919	1.874783333
3.827592373	1.876425
3.774344206	1.878066667
3.835746765	1.879708333
3.773318291	1.88135
3.797279358	1.882991667
3.774232626	1.884633333
3.831953526	1.886275
3.749207735	1.887916667
3.807975054	1.889558333
3.781353712	1.8912
3.802301884	1.892841667
3.808901787	1.894483333
3.787901163	1.896125
3.799463987	1.897766667
3.775182962	1.899408333
3.805357695	1.90105
3.778123617	1.902691667
3.804240704	1.904333333
3.755183458	1.905975
3.782739401	1.907616667
3.799478054	1.909258333
3.830721378	1.9109
3.745746136	1.912541667
3.814611912	1.914183333
3.75124073	1.915825
3.778096914	1.917466667
3.729923964	1.919108333
3.772312403	1.92075
3.74722743	1.922391667
3.79440546	1.924033333
3.750149727	1.925675
3.806700707	1.927316667
3.752778292	1.928958333
3.792617321	1.9306
3.72427392	1.932241667
3.728738785	1.933883333
3.712865114	1.935525
3.795145989	1.937166667
3.735487461	1.938808333
3.763303995	1.94045
3.72479701	1.942091667
3.762499332	1.943733333
3.763163328	1.945375
3.743380785	1.947016667
3.720383883	1.948658333
3.768656492	1.9503
3.761753082	1.951941667
3.724481821	1.953583333
3.650774002	1.955225
3.581445694	1.956866667
3.746072292	1.958508333
3.668299198	1.96015
3.671228886	1.961791667
3.665679216	1.963433333
3.732434273	1.965075
3.717074394	1.966716667
3.715402365	1.968358333
3.655382633	1.97
3.730024338	1.971641667
3.714980125	1.973283333
3.746809959	1.974925
3.677262306	1.976566667
3.714131594	1.978208333
3.709316492	1.97985
3.772074699	1.981491667
3.690912962	1.983133333
3.735378742	1.984775
3.75541234	1.986416667
3.786560774	1.988058333
3.745016575	1.9897
3.794700623	1.991341667
3.735583544	1.992983333
3.803905964	1.994625
3.718490839	1.996266667
3.75728941	1.997908333
3.690256357	1.99955
3.734586	2.001191667
3.731454611	2.002833333
3.767316341	2.004475
3.703543186	2.006116667
3.755939007	2.007758333
3.729820252	2.0094
3.729717493	2.011041667
3.718675375	2.012683333
3.732445955	2.014325
3.754758358	2.015966667
3.730155945	2.017608333
3.744321108	2.01925
3.721762896	2.020891667
3.751400948	2.022533333
3.687882662	2.024175
3.757746458	2.025816667
3.691158772	2.027458333
3.780670643	2.0291
3.704841852	2.030741667
3.750442267	2.032383333
3.70674324	2.034025
3.786191702	2.035666667
3.757956266	2.037308333
3.721506119	2.03895
3.679762125	2.040591667
3.734088659	2.042233333
3.710894585	2.043875
3.738749743	2.045516667
3.683017492	2.047158333
3.741674423	2.0488
3.706067324	2.050441667
3.732008219	2.052083333
3.693388462	2.053725
3.729709387	2.055366667
3.71240592	2.057008333
3.717647076	2.05865
3.690923214	2.060291667
3.705927849	2.061933333
3.736121893	2.063575
3.706958532	2.065216667
3.723748922	2.066858333
3.693483353	2.0685
3.744002342	2.070141667
3.693089724	2.071783333
3.709773302	2.073425
3.687350512	2.075066667
3.744859219	2.076708333
3.707115412	2.07835
3.696511269	2.079991667
3.680711031	2.081633333
3.742886782	2.083275
3.688877106	2.084916667
3.745957851	2.086558333
3.678849697	2.0882
3.734657764	2.089841667
3.679857492	2.091483333
3.731146812	2.093125
3.6638484	2.094766667
3.708781004	2.096408333
3.683139324	2.09805
3.695287228	2.099691667
3.66673398	2.101333333
3.729928732	2.102975
3.668498755	2.104616667
3.669275522	2.106258333
3.667545319	2.1079
3.702109575	2.109541667
3.641672134	2.111183333
3.693729639	2.112825
3.686695337	2.114466667
3.699327469	2.116108333
3.710700035	2.11775
3.692630291	2.119391667
3.695851088	2.121033333
3.686855793	2.122675
3.722161055	2.124316667
3.673608542	2.125958333
3.705192328	2.1276
3.706386566	2.129241667
3.724499464	2.130883333
3.684918165	2.132525
3.704547882	2.134166667
3.6619308	2.135808333
3.691802979	2.13745
3.666372299	2.139091667
3.682224512	2.140733333
3.665153027	2.142375
3.728999376	2.144016667
3.644377708	2.145658333
3.71487093	2.1473
3.647076368	2.148941667
3.728373528	2.150583333
3.679596186	2.152225
3.741069078	2.153866667
3.672051668	2.155508333
3.724492312	2.15715
3.665478945	2.158791667
3.700692415	2.160433333
3.658666372	2.162075
3.709992886	2.163716667
3.664865732	2.165358333
3.71036911	2.167
3.664846659	2.168641667
3.713157654	2.170283333
3.680342913	2.171925
3.717215776	2.173566667
3.580379725	2.175208333
3.850910664	2.17685
3.715082884	2.178491667
3.707003355	2.180133333
3.597215891	2.181775
3.608094215	2.183416667
3.605240345	2.185058333
3.58516407	2.1867
3.742462874	2.188341667
3.637931585	2.189983333
3.635017395	2.191625
3.647491217	2.193266667
3.605528355	2.194908333
3.620237351	2.19655
3.632396221	2.198191667
3.610976458	2.199833333
3.604578018	2.201475
3.785074949	2.203116667
3.731371641	2.204758333
3.676945448	2.2064
3.602264404	2.208041667
3.607305288	2.209683333
3.737858295	2.211325
3.620725155	2.212966667
3.650568485	2.214608333
3.632608891	2.21625
3.672234535	2.217891667
3.840899944	2.219533333
3.568011999	2.221175
3.5701859	2.222816667
3.579728603	2.224458333
3.805330277	2.2261
3.596419811	2.227741667
3.544257164	2.229383333
3.715221405	2.231025
3.629484177	2.232666667
3.714491844	2.234308333
3.549002647	2.23595
3.538759947	2.237591667
3.58844924	2.239233333
3.572322607	2.240875
3.593385935	2.242516667
3.555243492	2.244158333
3.565193415	2.2458
3.709150076	2.247441667
3.588456392	2.249083333
3.522429228	2.250725
3.560318232	2.252366667
3.551799774	2.254008333
3.616675377	2.25565
3.594985008	2.257291667
3.592287779	2.258933333
3.535280943	2.260575
3.601848841	2.262216667
3.517860889	2.263858333
3.569675922	2.2655
3.888518572	2.267141667
4.012999535	2.268783333
3.52463007	2.270425
3.491887569	2.272066667
3.505723	2.273708333
3.456084013	2.27535
3.439996958	2.276991667
3.476202011	2.278633333
3.426250219	2.280275
3.436813831	2.281916667
3.436766625	2.283558333
3.434129	2.2852
3.433337927	2.286841667
3.432572603	2.288483333
3.437824488	2.290125
3.436102867	2.291766667
3.435347319	2.293408333
3.437158346	2.29505
3.43438983	2.296691667
3.431519508	2.298333333
3.42707634	2.299975
3.501678228	2.301616667
3.469956636	2.303258333
3.44348383	2.3049
3.424826622	2.306541667
3.421411037	2.308183333
3.423603296	2.309825
3.428975344	2.311466667
3.418075562	2.313108333
3.421357632	2.31475
3.212110043	2.316391667
3.389137507	2.318033333
3.401186943	2.319675
3.412903309	2.321316667
3.420215368	2.322958333
3.424748421	2.3246
3.430505753	2.326241667
3.437315941	2.327883333
3.4379251	2.329525
3.422102213	2.331166667
3.414885998	2.332808333
3.422287941	2.33445
3.428108215	2.336091667
3.434929609	2.337733333
3.439274311	2.339375
3.439296484	2.341016667
3.441550016	2.342658333
3.442796707	2.3443
3.444872379	2.345941667
3.446645737	2.347583333
3.448472977	2.349225
3.450845957	2.350866667
3.451844215	2.352508333
3.452544928	2.35415
3.453658342	2.355791667
3.456348419	2.357433333
3.456528902	2.359075
3.457536459	2.360716667
3.456925869	2.362358333
3.455286026	2.364
3.446012497	2.365641667
3.446200371	2.367283333
3.429135799	2.368925
3.435395002	2.370566667
3.440541506	2.372208333
3.445075989	2.37385
3.446695805	2.375491667
3.451276064	2.377133333
3.45374155	2.378775
3.455499888	2.380416667
3.456711531	2.382058333
3.458885908	2.3837
3.460467339	2.385341667
3.462057591	2.386983333
3.463499546	2.388625
3.464091778	2.390266667
3.464410782	2.391908333
3.469624281	2.39355
3.467581034	2.395191667
3.468469143	2.396833333
3.475562811	2.398475
3.466907024	2.400116667
3.468891859	2.401758333
3.470442057	2.4034
3.472612858	2.405041667
3.47255373	2.406683333
3.472824097	2.408325
3.473078728	2.409966667
3.47265625	2.411608333
3.474417687	2.41325
3.474162817	2.414891667
3.474864721	2.416533333
3.475652933	2.418175